Workbook

Sheet Start_Here
A1: AI OPPORTUNITY DISCOVERY — Mapping & ROI Workbook
A2: Section 8 capstone · find where humans act like machines, quantify the value, rank, and build the plan.
A4: HOW TO USE THIS WORKBOOK
A5: 1. Interview using Sheet 1 (the 5 questions). Log what you hear in Sheet 2 (Signal Log).
A6: 2. List candidate workflows in Sheet 3 (Workflow Inventory) — one row = one candidate coworker.
A7: 3. Decompose each in Sheet 4 (Primitive Map): every step → AI primitive, Script, or Human.
A8: 4. Quantify the six value dimensions in Sheet 5 (Value Model) — it computes a dollar figure.
A9: 5. Rank candidates in Sheet 6 (Scorecard). The highest-value, most-recoverable one wins.
A10: 6. Assemble the winner into a one-page plan in Sheet 7 (Build Plan). Take it to your budget owner.
A12: THE SIX VALUE DIMENSIONS — where the savings land
A13: Dimension | B13: What it measures | C13: How it's quantified (Sheet 5)
A14: Time | B14: Hours reclaimed from mechanical work | D14: Volume × minutes/instance × %automatable ÷ 60
A15: Money | B15: Dollars saved in labor + avoided spend | D15: Hours reclaimed × loaded labor rate
A16: Quality / Risk | B16: Fewer errors, less rework, lower audit exposure | D16: Volume × (error rate today − after) × cost per error
A17: Friction | B17: Fewer systems touched, fewer handoffs, less swivel-chair | D17: Friction index today − after (1–5 delta)
A18: Scale | B18: Capacity without linear headcount; backlog drained | D18: Backlog ÷ reclaimed capacity; growth-pressure flag
A19: Expertise | B19: High-cost talent freed from low-value retrieval | D19: Expert hours reclaimed × expert rate; SPOF flag
A21: COLOR LEGEND — only edit BLUE and YELLOW cells
A22: Blue text | B22: Inputs you change for your own numbers
A23: Black text | B23: Formulas / calculations — don't overtype
A24: Green text | B24: Links pulling from another sheet
A25: Yellow fill | B25: Shared assumptions to review (labor rates, weights)
A27: THE METHOD — BEFORE: pick the 2–3 questions most likely to hit this group's pain. DURING: lead with questions, listen for signal words, note combos. AFTER: map every answer to Automation / Data Processing / Expert Augmentation; validate each by naming its primitive chain.

Sheet Discovery_Questions
A1: THE FIVE DISCOVERY QUESTIONS (national-lab examples)
A2: Lead with these. Then listen. Each question tends to unlock specific value dimensions.
A3: # Question | B3: Lab examples | C3: Listen for… | D3: Unlocks (value dims)
A4: Q1 · Repetitive work | B4: Calibration certs, env-monitoring logs, job-script boilerplate, security-control evidence | C4: "We do this every day." "It's just part of the job." | D4: Time, Quality, Scale
A5: Q2 · Data created daily | B5: Operator/run logs, experiment notes, incident narratives, scheduler failure messages | C5: "Half my day is documenting." "Answers are in the data somewhere." | D5: Time, Quality
A6: Q3 · Data cleaned / processed | B6: Reliability trending (MTBF/MTTR), validation-data compilation, audit-evidence rollups | C6: "A whole team just checks the data." "Days to get a clean dataset." | D6: Quality, Money, Time
A7: Q4 · Knowledge transport | B7: LIMS→spreadsheet→report; scheduler→email→PI; control catalog→SSP→assessor | C7: "Someone's full-time job is copy-paste." "We log into 3 systems for one task." | D7: Friction, Time
A8: Q5 · Expert bottleneck | B8: PI assembling literature + prior results before a decision; ISSO pulling control evidence | C8: "Our PhDs do data entry." "When she retires, we're in trouble." | D8: Expertise, Time, Quality

Sheet Signal_Log
A1: SIGNAL LOG — capture the pain you hear
A2: The opportunity announces itself in complaints, not requirements. Tag each quote.
A3: Date | B3: Who said it | C3: Quote / pain point | D3: Signal family | E3: Maps to Q | F3: Candidate workflow | G3: Notes
A4: 2026-05-12 | B4: QA lead | C4: "Audit prep takes us offline for two weeks." | D4: Compliance | E4: Q3 | F4: Audit-Evidence Rollup | G4: Active finding pending
A5: 2026-05-12 | B5: Scheduler | C5: "The job died at 2am and nobody noticed til Monday." | D5: Time | E5: Q1 | F5: HPC Job Triage
A6: 2026-05-13 | B6: Receiving | C6: "Someone keys every supplier cert into three systems." | D6: Friction | E6: Q4 | F6: COA Intake

Sheet Workflow_Inventory
A1: WORKFLOW INVENTORY — candidate coworkers
A2: One row = one candidate. WF-ID is the join key used by every other sheet.
A3: WF-ID | B3: Workflow name | C3: Owner / team | D3: Question tags | E3: Combo play | F3: One-line description | G3: Status
A4: WF-01 | B4: COA Intake | C4: Receiving / QA | D4: Q1,Q4 | E4: Automation | F4: Parse supplier certs, validate to spec, update ERP, flag out-of-spec | G4: Candidate
A5: WF-02 | B5: Audit-Evidence Rollup | C5: ISSO / Compliance | D5: Q2,Q3,Q5 | E5: Data Processing | F5: Assemble control evidence, cross-check, draft assessor-ready package | G5: Candidate
A6: WF-03 | B6: HPC Job Triage | C6: HPC Ops | D6: Q1,Q3 | E6: Expert Augmentation | F6: Watch scheduler, classify failures, remediate from memory, page PI | G6: Candidate

Sheet Primitive_Map
A1: PRIMITIVE MAP — push-down at process scale
A2: Decompose each workflow into steps. Map each to AI primitive, Script, or Human. Amber = where the human validator belongs.
A3: WF-ID | B3: Step # | C3: Human step today | D3: Mapped to | E3: Which AI primitive | F3: Notes
A4: WF-01 | B4: 1 | C4: Read incoming COA PDF | D4: AI | E4: Parse & Extract
A5: WF-01 | B5: 2 | C5: Check values against spec | D5: AI | E5: Classify & Prioritize
A6: WF-01 | B6: 3 | C6: Compute pass/fail + variance | D6: Script | E6: — | F6: Deterministic math
A7: WF-01 | B7: 4 | C7: Update ERP record | D7: AI | E7: Transform & Map | F7: Path-A action
A8: WF-01 | B8: 5 | C8: Judge a novel out-of-spec tradeoff | D8: Human | E8: — | F8: Validator decision
A9: WF-01 | B9: 6 | C9: Email buyer if out-of-spec | D9: AI | E9: Generate & Compose | F9: via gateway
A10: WF-02 | B10: 1 | C10: Pull control evidence from systems | D10: AI | E10: Match & Retrieve
A11: WF-02 | B11: 2 | C11: Cross-check evidence vs control text | D11: AI | E11: Reason & Infer
A12: WF-02 | B12: 3 | C12: Assemble package in template | D12: Script | E12: — | F12: Deterministic format
A13: WF-02 | B13: 4 | C13: Sign-off on assessor readiness | D13: Human | E13: — | F13: Validator decision
A14: WF-03 | B14: 1 | C14: Watch scheduler for failures | D14: AI | E14: Parse & Extract
A15: WF-03 | B15: 2 | C15: Classify failure (OOM/node/config) | D15: AI | E15: Classify & Prioritize
A16: WF-03 | B16: 3 | C16: Apply known remediation | D16: Script | E16: — | F16: From allowlist
A17: WF-03 | B17: 4 | C17: Approve a NEW remediation | D17: Human | E17: — | F17: Promotes to allowlist

Sheet Value_Model
A1: VALUE MODEL — quantify the six savings dimensions
A2: Blue = inputs you change · Black = formulas · references the yellow Assumptions block. One row per workflow.
A3: ASSUMPTIONS (edit)
A4: Loaded labor rate ($/hr) | C4: 75
A5: Expert labor rate ($/hr) | C5: 165
A6: Working hours / month | C6: 160
A8: WF-ID | B8: Workflow | C8: Volume /mo | D8: Min /inst | E8: % auto | F8: Err today | G8: Err after | H8: Cost/err $ | I8: Systems | J8: Handoffs | K8: Frict today | L8: Frict after | M8: Expert hrs/mo | N8: SPOF? | O8: Backlog | P8: Growth | Q8: Hrs reclaimed /mo | R8: Labor $ saved /mo | S8: Risk $ avoided /mo | T8: Frict reduction | U8: Months to drain backlog | V8: Expert $ reclaimed /mo | W8: Total value /mo | X8: Total value /yr
A9: WF-01 | B9: COA Intake | C9: 400 | D9: 25 | E9: 0.8 | F9: 0.08 | G9: 0.02 | H9: 250 | I9: 3 | J9: 2 | K9: 4 | L9: 2 | M9: 0 | N9: N | O9: 300 | P9: 3 | Q9: =C9*D9*E9/60 -> 133.33333 | R9: =Q9*$C$4 -> 10000 | S9: =C9*(F9-G9)*H9 -> 6000 | T9: =K9-L9 -> 2 | U9: =IF(Q9=0,"n/a",ROUND(O9/MAX(Q9/ ($C$6/D9),1),1)) -> 14.4 | V9: =M9*$C$5 -> 0 | W9: =R9+S9+V9 -> 16000 | X9: =W9*12 -> 192000
A10: WF-02 | B10: Audit-Evidence Rollup | C10: 20 | D10: 90 | E10: 0.7 | F10: 0.15 | G10: 0.05 | H10: 500 | I10: 4 | J10: 3 | K10: 5 | L10: 2 | M10: 24 | N10: Y | O10: 60 | P10: 4 | Q10: =C10*D10*E10/60 -> 21 | R10: =Q10*$C$4 -> 1575 | S10: =C10*(F10-G10)*H10 -> 1000 | T10: =K10-L10 -> 3 | U10: =IF(Q10=0,"n/a",ROUND(O10/MAX(Q10/ ($C$6/D10),1),1)) -> 5.1 | V10: =M10*$C$5 -> 3960 | W10: =R10+S10+V10 -> 6535 | X10: =W10*12 -> 78420
A11: WF-03 | B11: HPC Job Triage | C11: 600 | D11: 15 | E11: 0.75 | F11: 0.1 | G11: 0.03 | H11: 120 | I11: 2 | J11: 1 | K11: 3 | L11: 1 | M11: 8 | N11: N | O11: 0 | P11: 5 | Q11: =C11*D11*E11/60 -> 112.5 | R11: =Q11*$C$4 -> 8437.5 | S11: =C11*(F11-G11)*H11 -> 5040 | T11: =K11-L11 -> 2 | U11: =IF(Q11=0,"n/a",ROUND(O11/MAX(Q11/ ($C$6/D11),1),1)) -> 0 | V11: =M11*$C$5 -> 1320 | W11: =R11+S11+V11 -> 14797.5 | X11: =W11*12 -> 177570
Q12: =C12*D12*E12/60 -> 0 | R12: =Q12*$C$4 -> 0 | S12: =C12*(F12-G12)*H12 -> 0 | T12: =K12-L12 -> 0 | V12: =M12*$C$5 -> 0 | W12: =R12+S12+V12 -> 0 | X12: =W12*12 -> 0
Q13: =C13*D13*E13/60 -> 0 | R13: =Q13*$C$4 -> 0 | S13: =C13*(F13-G13)*H13 -> 0 | T13: =K13-L13 -> 0 | V13: =M13*$C$5 -> 0 | W13: =R13+S13+V13 -> 0 | X13: =W13*12 -> 0
Q14: =C14*D14*E14/60 -> 0 | R14: =Q14*$C$4 -> 0 | S14: =C14*(F14-G14)*H14 -> 0 | T14: =K14-L14 -> 0 | V14: =M14*$C$5 -> 0 | W14: =R14+S14+V14 -> 0 | X14: =W14*12 -> 0
Q15: =C15*D15*E15/60 -> 0 | R15: =Q15*$C$4 -> 0 | S15: =C15*(F15-G15)*H15 -> 0 | T15: =K15-L15 -> 0 | V15: =M15*$C$5 -> 0 | W15: =R15+S15+V15 -> 0 | X15: =W15*12 -> 0
B16: TOTAL (all candidates) | Q16: =SUM(Q9:Q15) -> 266.83333 | R16: =SUM(R9:R15) -> 20012.5 | S16: =SUM(S9:S15) -> 12040 | V16: =SUM(V9:V15) -> 5280 | W16: =SUM(W9:W15) -> 37332.5 | X16: =SUM(X9:X15) -> 447990
B17: Note: 'Months to drain backlog' assumes reclaimed hours redeployed to the queue at today's pace. Friction reduction is a 1–5 index delta (touched-systems/handoffs drop).

Sheet Scorecard
A1: SCORECARD — rank the candidates, start with one
A2: Value pulled from Value_Model (green). Add 1–5 judgment scores (blue). Priority ranks them. Start with the top row.
A3: Weights → | B3: value 0.5 / feasibility 0.25 / recoverability 0.25 (baked into formula)
A5: WF-ID | B5: Workflow | C5: Total value /yr | D5: Feasibility (1-5) | E5: Recoverable? (1-5) | F5: Validator ready (1-5) | G5: Data ready (1-5) | H5: Priority score | I5: Rank
A6: =Value_Model!A9 -> WF-01 | B6: =Value_Model!B9 -> COA Intake | C6: =Value_Model!X9 -> 192000 | D6: 5 | E6: 5 | F6: 4 | G6: 3 | H6: =IFERROR(100*(0.5*(C6/MAX($C$6:$C$12))+0.25*(D6/5)+0.25*(E6/5)),"") -> 100 | I6: =IF(H6="","",RANK(H6,$H$6:$H$12,0)) -> 1
A7: =Value_Model!A10 -> WF-02 | B7: =Value_Model!B10 -> Audit-Evidence Rollup | C7: =Value_Model!X10 -> 78420 | D7: 4 | E7: 5 | F7: 5 | G7: 3 | H7: =IFERROR(100*(0.5*(C7/MAX($C$6:$C$12))+0.25*(D7/5)+0.25*(E7/5)),"") -> 65.421875 | I7: =IF(H7="","",RANK(H7,$H$6:$H$12,0)) -> 3
A8: =Value_Model!A11 -> WF-03 | B8: =Value_Model!B11 -> HPC Job Triage | C8: =Value_Model!X11 -> 177570 | D8: 5 | E8: 4 | F8: 4 | G8: 4 | H8: =IFERROR(100*(0.5*(C8/MAX($C$6:$C$12))+0.25*(D8/5)+0.25*(E8/5)),"") -> 91.242188 | I8: =IF(H8="","",RANK(H8,$H$6:$H$12,0)) -> 2
H9: =IFERROR(100*(0.5*(C9/MAX($C$6:$C$12))+0.25*(D9/5)+0.25*(E9/5)),"") -> 0 | I9: =IF(H9="","",RANK(H9,$H$6:$H$12,0)) -> 4
H10: =IFERROR(100*(0.5*(C10/MAX($C$6:$C$12))+0.25*(D10/5)+0.25*(E10/5)),"") -> 0 | I10: =IF(H10="","",RANK(H10,$H$6:$H$12,0)) -> 4
H11: =IFERROR(100*(0.5*(C11/MAX($C$6:$C$12))+0.25*(D11/5)+0.25*(E11/5)),"") -> 0 | I11: =IF(H11="","",RANK(H11,$H$6:$H$12,0)) -> 4
H12: =IFERROR(100*(0.5*(C12/MAX($C$6:$C$12))+0.25*(D12/5)+0.25*(E12/5)),"") -> 0 | I12: =IF(H12="","",RANK(H12,$H$6:$H$12,0)) -> 4

Sheet Build_Plan
A1: BUILD PLAN — assemble the winner from the whole stack
A2: One page for the selected workflow. Fill the winner (top of Scorecard). Blue = your inputs.
A3: Workflow (winner) | B3: =Scorecard!B6 -> COA Intake
A4: Estimated value / yr | B4: =Scorecard!C6 -> 192000
A5: Combo play
A6: Primitive chain (→ the workflow) | B6: Parse → Classify → Reason → Transform → Generate
A7: Steps that become SKILLS
A8: Steps pushed down to SCRIPTS
A9: IDENTITY that sets the standard
A10: GATEWAY (where it reaches people) | B10: Slack / Teams / email / ticketing
A11: GUARDRAILS (irreversible steps → Path-A / HITL)
A12: 30-day metric (tie to dominant value dim)
A13: Human validation path (who checks; what promotes to lessons)
A14: Deploy on (GB10 → PowerEdge) | B14: GB10 desk · POC
A15: First move (narrow role → run well → tenure → expand)
